link,tag,tag_type
https://en.wikipedia.org/wiki/Sustainable_agriculture,sustainable agriculture,Concept
https://en.wikipedia.org/wiki/Sustainable_agriculture,polyculture,Process
https://en.wikipedia.org/wiki/Sustainable_agriculture,agroforestry,Technology
https://en.wikipedia.org/wiki/Sustainable_agriculture,ecosystem services,Concept
https://en.wikipedia.org/wiki/Sustainable_agriculture,crop rotation,Process
https://en.wikipedia.org/wiki/Sustainable_agriculture,environmental footprint,Concept
https://en.wikipedia.org/wiki/Sustainable_agriculture,land sparing,Process
https://en.wikipedia.org/wiki/Sustainable_agriculture,sustainable food systems,Concept
https://en.wikipedia.org/wiki/Sustainable_agriculture,permaculture,Process
https://en.wikipedia.org/wiki/Sustainable_agriculture,biodiversity,Concept
https://en.wikipedia.org/wiki/Sustainable_agriculture,organic farming,Process
https://en.wikipedia.org/wiki/Sustainable_agriculture,climate change,Concept
https://en.wikipedia.org/wiki/Sustainable_agriculture,agricultural science,Process
https://en.wikipedia.org/wiki/Sustainable_agriculture,agricultural technology,Concept
https://en.wikipedia.org/wiki/Sustainable_agriculture,aquaponics,Process
https://en.wikipedia.org/wiki/Sustainable_agriculture,hydroponics,Concept
https://en.wikipedia.org/wiki/Sustainable_agriculture,biotechnology,Process
https://en.wikipedia.org/wiki/Sustainable_agriculture,precision agriculture,Concept
https://en.wikipedia.org/wiki/Sustainable_agriculture,animal husbandry,Process
https://www.nature.com/articles/d41586-025-03353-5,Alzheimer's disease,Concept
https://www.nature.com/articles/d41586-025-03353-5,ageing,Process
https://www.nature.com/articles/d41586-025-03353-5,gene therapy,Technology
https://www.nature.com/articles/d41586-025-03353-5,brain scans,Concept
https://www.nature.com/articles/d41586-025-03353-5,lithium supplement,Concept
https://www.nature.com/articles/d41586-025-03353-5,Huntington's disease,Concept
https://www.nature.com/articles/d41586-025-03353-5,psychiatric conditions,Concept
https://www.nature.com/articles/d41586-025-03353-5,sterilization,Process
https://www.nature.com/articles/d41586-025-03353-5,contraception,Process
https://www.nature.com/articles/d41586-025-03353-5,mental fatigue,Concept
https://www.nature.com/articles/d41586-025-03353-5,neurodegeneration,Concept
https://www.nature.com/articles/d41586-025-03353-5,Nature Portfolio,Organization
https://www.nature.com/articles/d41586-025-03353-5,National Academy of Sciences,Organization
https://www.nature.com/articles/d41586-025-03353-5,Washington University School of Medicine,Organization
https://www.nature.com/articles/d41586-025-03353-5,Columbia University Medical Center,Organization
https://www.nature.com/articles/d41586-025-03353-5,St. Louis,Location
https://www.nature.com/articles/d41586-025-03353-5,New York City,Location
https://www.nature.com/articles/d41586-025-03353-5,Hangzhou,Location
https://www.nature.com/articles/d41586-025-03353-5,proceedings,Concept
https://en.wikipedia.org/wiki/Precision_agriculture,Precision Agriculture,Concept
https://en.wikipedia.org/wiki/Precision_agriculture,GPS,Technology
https://en.wikipedia.org/wiki/Precision_agriculture,Farming Management,Process
https://en.wikipedia.org/wiki/Precision_agriculture,Sustainable Agriculture,Concept
https://en.wikipedia.org/wiki/Precision_agriculture,Remote Sensing,Technology
https://en.wikipedia.org/wiki/Precision_agriculture,Agricultural Production,Concept
https://en.wikipedia.org/wiki/Precision_agriculture,Crop Science,Process
https://en.wikipedia.org/wiki/Precision_agriculture,Environmental Protection,Concept
https://en.wikipedia.org/wiki/Precision_agriculture,Economics,Concept
https://en.wikipedia.org/wiki/Precision_agriculture,Big Data,Concept
https://en.wikipedia.org/wiki/Precision_agriculture,Geographical Information System,Technology
https://en.wikipedia.org/wiki/Precision_agriculture,Soil Science,Concept
https://en.wikipedia.org/wiki/Agricultural_science,Agricultural science,Concept
https://en.wikipedia.org/wiki/Agricultural_science,Crop production,Process
https://en.wikipedia.org/wiki/Agricultural_science,Precision agriculture,Technology
https://en.wikipedia.org/wiki/Agricultural_science,Sustainable agriculture,Concept
https://en.wikipedia.org/wiki/Agricultural_science,Organic farming,Process
https://en.wikipedia.org/wiki/Agricultural_science,Hydroponics,Technology
https://en.wikipedia.org/wiki/Agricultural_science,Agronomy,Concept
https://en.wikipedia.org/wiki/Agricultural_science,Animal husbandry,Process
https://en.wikipedia.org/wiki/Agricultural_science,Biotechnology,Technology
https://en.wikipedia.org/wiki/Agricultural_science,Agribusiness,Concept
https://en.wikipedia.org/wiki/Agricultural_science,Green Revolution,Process
https://en.wikipedia.org/wiki/Agricultural_science,Aeroponics,Technology
https://en.wikipedia.org/wiki/Agricultural_science,Food production,Concept
https://en.wikipedia.org/wiki/Agricultural_science,Irrigation management,Process
https://en.wikipedia.org/wiki/Agricultural_science,Agricultural engineering,Technology
https://www.fao.org/3/y4671e/y4671e06.htm,Chronic food insecurity,Concept
https://www.fao.org/3/y4671e/y4671e06.htm,Transitory food insecurity,Concept
https://www.fao.org/3/y4671e/y4671e06.htm,Food security,Concept
https://www.fao.org/3/y4671e/y4671e06.htm,World Food Summit,Event
https://www.fao.org/3/y4671e/y4671e06.htm,Southern Africa,Location
https://www.fao.org/3/y4671e/y4671e06.htm,FAO,Organization
https://www.fao.org/3/y4671e/y4671e06.htm,World Bank,Organization
https://www.fao.org/3/y4671e/y4671e06.htm,Green Revolution,Process
https://www.fao.org/3/y4671e/y4671e06.htm,Poverty,Concept
https://www.fao.org/3/y4671e/y4671e06.htm,Malnutrition,Concept
https://www.fao.org/3/y4671e/y4671e06.htm,Human security,Concept
https://www.fao.org/3/y4671e/y4671e06.htm,Human Development Report,Document
https://www.fao.org/3/y4671e/y4671e06.htm,Amartya Sen,Person
https://www.fao.org/3/y4671e/y4671e06.htm,Household food security,Concept
https://www.medscape.com/viewarticle/time-reconsider-tramadol-chronic-pain-2025a1000ria,Scientific research,Concept
https://www.medscape.com/viewarticle/time-reconsider-tramadol-chronic-pain-2025a1000ria,hypothesis testing,Process
https://www.medscape.com/viewarticle/time-reconsider-tramadol-chronic-pain-2025a1000ria,experimentation,Process
https://www.medscape.com/viewarticle/time-reconsider-tramadol-chronic-pain-2025a1000ria,data collection,Process
https://www.medscape.com/viewarticle/time-reconsider-tramadol-chronic-pain-2025a1000ria,peer review,Process
https://www.medscape.com/viewarticle/time-reconsider-tramadol-chronic-pain-2025a1000ria,interdisciplinary collaboration,Concept
https://www.medscape.com/viewarticle/time-reconsider-tramadol-chronic-pain-2025a1000ria,Technology,Technology
https://www.medscape.com/viewarticle/time-reconsider-tramadol-chronic-pain-2025a1000ria,research ethics,Concept
https://www.medscape.com/viewarticle/time-reconsider-tramadol-chronic-pain-2025a1000ria,reproducibility,Concept
https://www.medscape.com/viewarticle/time-reconsider-tramadol-chronic-pain-2025a1000ria,open access,Concept
https://www.medscape.com/viewarticle/time-reconsider-tramadol-chronic-pain-2025a1000ria,evidence-based practices,Concept
https://www.medscape.com/viewarticle/time-reconsider-tramadol-chronic-pain-2025a1000ria,climate science,Concept
https://www.medscape.com/viewarticle/time-reconsider-tramadol-chronic-pain-2025a1000ria,biotechnology,Technology
https://www.medscape.com/viewarticle/time-reconsider-tramadol-chronic-pain-2025a1000ria,data analysis,Process
https://www.medscape.com/viewarticle/time-reconsider-tramadol-chronic-pain-2025a1000ria,scientific communication,Concept
https://en.wikipedia.org/wiki/Irrigation,Irrigation,Concept
https://en.wikipedia.org/wiki/Irrigation,Rainwater harvesting,Process
https://en.wikipedia.org/wiki/Irrigation,Agricultural land,Concept
https://en.wikipedia.org/wiki/Irrigation,"Andalusia, Spain",Location
https://en.wikipedia.org/wiki/Irrigation,Water pollution,Concept
https://en.wikipedia.org/wiki/Irrigation,Northern India,Location
https://en.wikipedia.org/wiki/Irrigation,Pakistan,Location
https://en.wikipedia.org/wiki/Irrigation,Irrigation infrastructure,Concept
https://en.wikipedia.org/wiki/Irrigation,Asia,Location
https://en.wikipedia.org/wiki/Irrigation,Americas,Location
https://en.wikipedia.org/wiki/Irrigation,Agriculture,Concept
https://en.wikipedia.org/wiki/Irrigation,Africa,Location
https://en.wikipedia.org/wiki/Irrigation,Europe,Location
https://en.wikipedia.org/wiki/Irrigation,Food production,Concept
https://en.wikipedia.org/wiki/Irrigation,Oceania,Location
https://en.wikipedia.org/wiki/Irrigation,Drainage,Concept
https://en.wikipedia.org/wiki/Irrigation,China,Location
https://en.wikipedia.org/wiki/Irrigation,United States,Location
https://en.wikipedia.org/wiki/Irrigation,Groundwater,Concept
https://en.wikipedia.org/wiki/Irrigation,Surface water,Concept
https://en.wikipedia.org/wiki/Irrigation,Reclaimed water,Concept
https://www.frontiersin.org/news/2025/09/01/rectangle-telescope-finding-habitable-planets,Rensselaer Polytechnic Institute,Organization
https://www.frontiersin.org/news/2025/09/01/rectangle-telescope-finding-habitable-planets,Heidi Newberg,Person
https://www.frontiersin.org/news/2025/09/01/rectangle-telescope-finding-habitable-planets,Frontiers in Astronomy and Space Sciences,Publication
https://www.frontiersin.org/news/2025/09/01/rectangle-telescope-finding-habitable-planets,James Webb Space Telescope,Telescope
https://www.frontiersin.org/news/2025/09/01/rectangle-telescope-finding-habitable-planets,Diffrative Interfero Coronagraph Exoplanet Resolver (DICER),Telescope
https://www.frontiersin.org/news/2025/09/01/rectangle-telescope-finding-habitable-planets,Earth,Planet
https://www.frontiersin.org/news/2025/09/01/rectangle-telescope-finding-habitable-planets,Sun,Star
https://www.frontiersin.org/news/2025/09/01/rectangle-telescope-finding-habitable-planets,Space sciences and astronomy,Field of study
https://www.frontiersin.org/news/2025/09/01/rectangle-telescope-finding-habitable-planets,Exoplanet,Concept
https://www.frontiersin.org/news/2025/09/01/rectangle-telescope-finding-habitable-planets,Starshade,Spacecraft
https://www.frontiersin.org/news/2025/09/01/rectangle-telescope-finding-habitable-planets,Frontiers,Organization
https://www.frontiersin.org/news/2025/09/01/rectangle-telescope-finding-habitable-planets,Shutterstock,Organization
https://www.frontiersin.org/news/2025/09/01/rectangle-telescope-finding-habitable-planets,E|A|S (Evolving Asteroid Starships),Organization
https://www.frontiersin.org/news/2025/09/01/rectangle-telescope-finding-habitable-planets,Joris Putteneers,Person
https://www.frontiersin.org/news/2025/09/01/rectangle-telescope-finding-habitable-planets,Deborah Pirchner,Person
https://www.frontiersin.org/news/2025/09/01/rectangle-telescope-finding-habitable-planets,James Boyes,Person
https://www.frontiersin.org/news/2025/09/01/rectangle-telescope-finding-habitable-planets,Moon,Celestial body
https://www.frontiersin.org/news/2025/09/01/rectangle-telescope-finding-habitable-planets,Earth 2.0,Concept
https://www.medscape.com/viewarticle/second-dose-boosts-shingles-protection-adults-aged-65-years-2025a1000ro7,Scientific research,Concept
https://www.medscape.com/viewarticle/second-dose-boosts-shingles-protection-adults-aged-65-years-2025a1000ro7,hypothesis testing,Process
https://www.medscape.com/viewarticle/second-dose-boosts-shingles-protection-adults-aged-65-years-2025a1000ro7,experimentation,Process
https://www.medscape.com/viewarticle/second-dose-boosts-shingles-protection-adults-aged-65-years-2025a1000ro7,data collection,Process
https://www.medscape.com/viewarticle/second-dose-boosts-shingles-protection-adults-aged-65-years-2025a1000ro7,peer review,Process
https://www.medscape.com/viewarticle/second-dose-boosts-shingles-protection-adults-aged-65-years-2025a1000ro7,interdisciplinary collaboration,Concept
https://www.medscape.com/viewarticle/second-dose-boosts-shingles-protection-adults-aged-65-years-2025a1000ro7,Technology,Technology
https://www.medscape.com/viewarticle/second-dose-boosts-shingles-protection-adults-aged-65-years-2025a1000ro7,research ethics,Concept
https://www.medscape.com/viewarticle/second-dose-boosts-shingles-protection-adults-aged-65-years-2025a1000ro7,reproducibility,Concept
https://www.medscape.com/viewarticle/second-dose-boosts-shingles-protection-adults-aged-65-years-2025a1000ro7,open access,Concept
https://www.medscape.com/viewarticle/second-dose-boosts-shingles-protection-adults-aged-65-years-2025a1000ro7,evidence-based practices,Concept
https://www.medscape.com/viewarticle/second-dose-boosts-shingles-protection-adults-aged-65-years-2025a1000ro7,climate science,Concept
https://www.medscape.com/viewarticle/second-dose-boosts-shingles-protection-adults-aged-65-years-2025a1000ro7,biotechnology,Technology
https://www.medscape.com/viewarticle/second-dose-boosts-shingles-protection-adults-aged-65-years-2025a1000ro7,data analysis,Process
https://www.medscape.com/viewarticle/second-dose-boosts-shingles-protection-adults-aged-65-years-2025a1000ro7,scientific communication,Concept
https://www.theguardian.com/global-development/2025/oct/13/astro-ambassadors-stargazers-himalayas-hanle-ladakh-india,Indian Astronomical Observatory,Location
https://www.theguardian.com/global-development/2025/oct/13/astro-ambassadors-stargazers-himalayas-hanle-ladakh-india,Hanle,Location
https://www.theguardian.com/global-development/2025/oct/13/astro-ambassadors-stargazers-himalayas-hanle-ladakh-india,Ladakh,Location
https://www.theguardian.com/global-development/2025/oct/13/astro-ambassadors-stargazers-himalayas-hanle-ladakh-india,Himalayas,Location
https://www.theguardian.com/global-development/2025/oct/13/astro-ambassadors-stargazers-himalayas-hanle-ladakh-india,dark sky reserve,Concept
https://www.theguardian.com/global-development/2025/oct/13/astro-ambassadors-stargazers-himalayas-hanle-ladakh-india,Indian Institute of Astrophysics,Organization
https://www.theguardian.com/global-development/2025/oct/13/astro-ambassadors-stargazers-himalayas-hanle-ladakh-india,Bengaluru,Location
https://www.theguardian.com/global-development/2025/oct/13/astro-ambassadors-stargazers-himalayas-hanle-ladakh-india,2-metre Himalayan Chandra telescope,Technology
https://www.theguardian.com/global-development/2025/oct/13/astro-ambassadors-stargazers-himalayas-hanle-ladakh-india,Digpa-ratsa Ri,Location
https://www.theguardian.com/global-development/2025/oct/13/astro-ambassadors-stargazers-himalayas-hanle-ladakh-india,astro-tourism,Concept
https://www.theguardian.com/global-development/2025/oct/13/astro-ambassadors-stargazers-himalayas-hanle-ladakh-india,star party,Event
https://www.theguardian.com/global-development/2025/oct/13/astro-ambassadors-stargazers-himalayas-hanle-ladakh-india,Tsering Dolkar,Person
https://www.theguardian.com/global-development/2025/oct/13/astro-ambassadors-stargazers-himalayas-hanle-ladakh-india,Niruj Mohan Ramanujam,Person
https://www.theguardian.com/global-development/2025/oct/13/astro-ambassadors-stargazers-himalayas-hanle-ladakh-india,Dorje Angchuk,Person
https://www.theguardian.com/global-development/2025/oct/13/astro-ambassadors-stargazers-himalayas-hanle-ladakh-india,Padma Chamchot,Person
https://www.theguardian.com/global-development/2025/oct/13/astro-ambassadors-stargazers-himalayas-hanle-ladakh-india,Kesang Dorjey,Person
https://www.theguardian.com/global-development/2025/oct/13/astro-ambassadors-stargazers-himalayas-hanle-ladakh-india,Nawang Tsoundu,Person
https://www.theguardian.com/global-development/2025/oct/13/astro-ambassadors-stargazers-himalayas-hanle-ladakh-india,Hashika Raj,Person
